{"createdDate":"2020-08-02 19:34:27","id":"CCA16D29-CAC2-4264-80DE-19DB893A550B","modifiedDate":"2020-08-02 19:34:51","title":"Training Data","dataResult":{"itemsCount":60,"columns":["accelerometerAccelerationX","accelerometerAccelerationY","accelerometerAccelerationZ","accelerometerTimestamp_sinceReboot","gyroRotationX","gyroRotationY","gyroRotationZ","gyroTimestamp_sinceReboot","identifierForVendor","loggingSample","loggingTime"],"dataURL":"file:\/\/\/Users\/namita\/Desktop\/Updated%20Softball%20Swing%20Data\/Training%20Data\/","columnTypes":["Double","Double","Double","Double","Double","Double","Double","Double","Int","Int","Double"],"classesCount":4,"analysis":{"summary":{"canUseValidation":0,"classCount":4,"sampleCount":60},"issues":[{"description":"4 classes found, including Wild Pivot, Pick Up Back Leg, Little Pivot","severity":"info"},{"description":"Less than 100 total activity recording files found - add more to improve model validation","severity":"warning"},{"description":"Smallest class is \"Good Swing\" with 15 activity recording files","severity":"warning"},{"description":"Largest class is \"Wild Pivot\" with 15 activity recording files","severity":"info"},{"description":"2 feature columns are selected","severity":"good"}],"classifierAnalysis":{"columns":[],"vizualizerSpec":"","labelStats":{"Pick Up Back Leg":15,"Wild Pivot":15,"Good Swing":15,"Little Pivot":15}}},"columnValues":["-0.43, -0.42, -0.41, -0.37, -0.41…","-0.88, -0.88, -0.91, -0.91, -0.89…","-0.21, -0.17, -0.20, -0.19, -0.20…","566,598.30, 566,598.33, 566,598.36, 566,598.39, 566,598.42…","-0.01, 0.04, 0.05, -0.04, 0.00…","0.41, 0.02, 0.11, 0.10, -0.12…","0.02, -0.01, -0.00, 0.01, -0.00…","566,598.27, 566,598.31, 566,598.34, 566,598.37, 566,598.40…","0, 0, 0, 0, 0…","1, 2, 3, 4, 5…","1,595,965,226.90, 1,595,965,226.92, 1,595,965,226.95, 1,595,965,226.98, 1,595,965,227.01…"],"error":{"code":1000,"reason":"No feature columns selected","domain":"composer.error.domain","errorType":"notReady"}},"preferredFilename":"Training Data","version":"1.0","pathType":0,"experimentIDs":["D5EBC4F1-CE40-487E-A1EE-B6CB3CE8611F"]}