{"id":"D5EBC4F1-CE40-487E-A1EE-B6CB3CE8611F","validationEntity":{"analysedDataType":"auto","dataResult":{}},"modelEntity":{"modelURL":"Models\/Softball%20Swing%20Classifier%201.mlmodel"},"version":"1.0","settingEntity":{"suggestedColumnTypes":["Double","Double","Double","Double","Double","Double","Double","Double","Int","Int","Double"],"augmentations":[],"generalClassifierType":{"auto":{}},"transferLearningEmbeddingType":"dynamic","suggestedColumns":["accelerometerAccelerationX","accelerometerAccelerationY","accelerometerAccelerationZ","accelerometerTimestamp_sinceReboot","gyroRotationX","gyroRotationY","gyroRotationZ","gyroTimestamp_sinceReboot","identifierForVendor","loggingSample","loggingTime"],"algorithmType":"maxEnt","seedType":"default","suggestedColumnValues":["-0.43, -0.42, -0.41, -0.37, -0.41…","-0.88, -0.88, -0.91, -0.91, -0.89…","-0.21, -0.17, -0.20, -0.19, -0.20…","566,598.30, 566,598.33, 566,598.36, 566,598.39, 566,598.42…","-0.01, 0.04, 0.05, -0.04, 0.00…","0.41, 0.02, 0.11, 0.10, -0.12…","0.02, -0.01, -0.00, 0.01, -0.00…","566,598.27, 566,598.31, 566,598.34, 566,598.37, 566,598.40…","0, 0, 0, 0, 0…","1, 2, 3, 4, 5…","1,595,965,226.90, 1,595,965,226.92, 1,595,965,226.95, 1,595,965,226.98, 1,595,965,227.01…"],"generalRegressorType":{"auto":{}},"featureNames":["accelerometerAccelerationZ","gyroRotationX"]},"state":"trained","trainingEntity":{"finishTime":618104122.81136096,"recipeTrainingResults":{"activityClassifier":{"confusionMatrix":[{"expected":"Good Swing","actual":"Good Swing","count":1368},{"expected":"Pick Up Back Leg","actual":"Good Swing","count":116},{"expected":"Little Pivot","actual":"Little Pivot","count":1877},{"expected":"Wild Pivot","actual":"Little Pivot","count":100},{"expected":"Pick Up Back Leg","actual":"Pick Up Back Leg","count":1976},{"expected":"Wild Pivot","actual":"Wild Pivot","count":2011}],"statsByLabel":{"Pick Up Back Leg":{"count":1976,"precisionRecall":{"success":{"recall":1,"precision":0.94455066921606123}}},"Wild Pivot":{"count":2011,"precisionRecall":{"success":{"recall":1,"precision":0.95262908574135485}}},"Good Swing":{"count":1484,"precisionRecall":{"success":{"recall":0.92183288409703501,"precision":1}}},"Little Pivot":{"count":1977,"precisionRecall":{"success":{"recall":0.94941831057157311,"precision":1}}}},"accuracy":0.97099892588614389}},"dataResult":{"itemsCount":60,"columns":["accelerometerAccelerationX","accelerometerAccelerationY","accelerometerAccelerationZ","accelerometerTimestamp_sinceReboot","gyroRotationX","gyroRotationY","gyroRotationZ","gyroTimestamp_sinceReboot","identifierForVendor","loggingSample","loggingTime"],"dataURL":"file:\/\/\/Users\/namita\/Desktop\/Updated%20Softball%20Swing%20Data\/Training%20Data\/","columnTypes":["Double","Double","Double","Double","Double","Double","Double","Double","Int","Int","Double"],"classesCount":4,"dataSourceID":"CCA16D29-CAC2-4264-80DE-19DB893A550B","analysis":{"summary":{"canUseValidation":0,"classCount":4,"sampleCount":60},"issues":[{"description":"4 classes found, including Wild Pivot, Pick Up Back Leg, Little Pivot","severity":"info"},{"description":"Less than 100 total activity recording files found - add more to improve model validation","severity":"warning"},{"description":"Smallest class is \"Good Swing\" with 15 activity recording files","severity":"warning"},{"description":"Largest class is \"Wild Pivot\" with 15 activity recording files","severity":"info"},{"description":"2 feature columns are selected","severity":"good"}],"classifierAnalysis":{"columns":[],"vizualizerSpec":"","labelStats":{"Pick Up Back Leg":15,"Wild Pivot":15,"Good Swing":15,"Little Pivot":15}}},"columnValues":["-0.43, -0.42, -0.41, -0.37, -0.41…","-0.88, -0.88, -0.91, -0.91, -0.89…","-0.21, -0.17, -0.20, -0.19, -0.20…","566,598.30, 566,598.33, 566,598.36, 566,598.39, 566,598.42…","-0.01, 0.04, 0.05, -0.04, 0.00…","0.41, 0.02, 0.11, 0.10, -0.12…","0.02, -0.01, -0.00, 0.01, -0.00…","566,598.27, 566,598.31, 566,598.34, 566,598.37, 566,598.40…","0, 0, 0, 0, 0…","1, 2, 3, 4, 5…","1,595,965,226.90, 1,595,965,226.92, 1,595,965,226.95, 1,595,965,226.98, 1,595,965,227.01…"]},"analysedDataType":"choose","recipeValidationResults":{"activityClassifier":{"confusionMatrix":[{"expected":"Good Swing","actual":"Good Swing","count":91},{"expected":"Wild Pivot","actual":"Wild Pivot","count":129}],"statsByLabel":{"Good Swing":{"count":91,"precisionRecall":{"success":{"recall":1,"precision":1}}},"Wild Pivot":{"count":129,"precisionRecall":{"success":{"recall":1,"precision":1}}}},"accuracy":1}},"validationAccuracy":1,"startTime":618104108.51572204,"progress":[{"isLast":false,"currentRowIndex":0,"count":1,"tableDone":false,"acColumnHeader":{"hasValidation":true,"elapsedTime":2.2990729999999999,"trainingAccuracy":0.13668099045753479,"iterationCount":1,"validationAccuracy":0.58636361360549927},"tableIndex":0,"percentComplete":100},{"isLast":false,"currentRowIndex":1,"count":2,"tableDone":false,"acColumnHeader":{"hasValidation":true,"elapsedTime":3.3230729999999999,"trainingAccuracy":0.47704082727432251,"iterationCount":2,"validationAccuracy":1},"tableIndex":0,"percentComplete":200},{"isLast":false,"currentRowIndex":2,"count":3,"tableDone":false,"acColumnHeader":{"hasValidation":true,"elapsedTime":4.3411119999999999,"trainingAccuracy":0.54994630813598633,"iterationCount":3,"validationAccuracy":1},"tableIndex":0,"percentComplete":300},{"isLast":false,"currentRowIndex":3,"count":4,"tableDone":false,"acColumnHeader":{"hasValidation":true,"elapsedTime":5.3532890000000002,"trainingAccuracy":0.61868959665298462,"iterationCount":4,"validationAccuracy":1},"tableIndex":0,"percentComplete":400},{"isLast":false,"currentRowIndex":4,"count":5,"tableDone":false,"acColumnHeader":{"hasValidation":true,"elapsedTime":6.3728879999999997,"trainingAccuracy":0.71737378835678101,"iterationCount":5,"validationAccuracy":1},"tableIndex":0,"percentComplete":500},{"isLast":false,"currentRowIndex":5,"count":6,"tableDone":false,"acColumnHeader":{"hasValidation":true,"elapsedTime":7.3902789999999996,"trainingAccuracy":0.77242213487625122,"iterationCount":6,"validationAccuracy":1},"tableIndex":0,"percentComplete":600},{"isLast":false,"currentRowIndex":6,"count":10,"tableDone":false,"acColumnHeader":{"hasValidation":true,"elapsedTime":11.457242000000001,"trainingAccuracy":0.91890442371368408,"iterationCount":10,"validationAccuracy":1},"tableIndex":0,"percentComplete":1000},{"isLast":true,"currentRowIndex":6,"count":10,"tableDone":true,"acColumnHeader":{"hasValidation":true,"elapsedTime":11.457242000000001,"trainingAccuracy":0.91890442371368408,"iterationCount":10,"validationAccuracy":1},"tableIndex":0,"percentComplete":1000}],"trainingAccuracy":0.97099892588614389},"createdDate":"2020-08-02 19:34:18","transientEvaluationState":"none","evaluationState":"evaluated","title":"Softball Swing Classifier 1","evaluationEntity":{"finishTime":618104126.28883898,"result":{"activityClassifier":{"statsByLabel":{"Pick Up Back Leg":{"count":10,"precisionRecall":{"success":{"recall":0.40000000000000002,"precision":0.5}}},"Wild Pivot":{"count":10,"precisionRecall":{"success":{"recall":0.20000000000000001,"precision":0.33333333333333331}}},"Good Swing":{"count":8,"precisionRecall":{"success":{"recall":1,"precision":0.5714285714285714}}},"Little Pivot":{"count":10,"precisionRecall":{"success":{"recall":1,"precision":1}}}},"accuracy":0.63157894736842102}},"dataResult":{"itemsCount":20,"columns":["accelerometerAccelerationX","accelerometerAccelerationY","accelerometerAccelerationZ","accelerometerTimestamp_sinceReboot","gyroRotationX","gyroRotationY","gyroRotationZ","gyroTimestamp_sinceReboot","identifierForVendor","loggingSample","loggingTime"],"dataURL":"file:\/\/\/Users\/namita\/Desktop\/Updated%20Softball%20Swing%20Data\/Test%20Data\/","columnTypes":["Double","Double","Double","Double","Double","Double","Double","Double","Int","Int","Double"],"classesCount":4,"dataSourceID":"5AD371C2-91D1-45D9-B0F0-EA430BBAB4BF","analysis":{"summary":{"canUseValidation":0,"classCount":4,"sampleCount":20},"issues":[{"description":"4 classes found, including Good Swing, Pick Up Back Leg, Wild Pivot","severity":"info"},{"description":"Less than 100 total activity recording files found - add more to improve model validation","severity":"warning"},{"description":"Smallest class is \"Little Pivot\" with 5 activity recording files","severity":"warning"},{"description":"Largest class is \"Good Swing\" with 5 activity recording files","severity":"info"},{"description":"2 feature columns are selected","severity":"good"}],"classifierAnalysis":{"columns":[],"vizualizerSpec":"","labelStats":{"Pick Up Back Leg":5,"Good Swing":5,"Wild Pivot":5,"Little Pivot":5}}},"columnValues":["0.13, 0.16, 0.24, 0.17, 0.23…","-0.95, -0.93, -1.00, -0.95, -0.94…","-0.18, -0.18, -0.23, -0.18, -0.24…","565,526.27, 565,526.30, 565,526.33, 565,526.36, 565,526.39…","-0.01, -0.06, 0.01, -0.00, -0.05…","-0.23, 0.08, 0.16, -0.01, 0.07…","0.02, -0.08, -0.08, 0.09, -0.09…","565,526.25, 565,526.28, 565,526.31, 565,526.34, 565,526.37…","0, 0, 0, 0, 0…","1, 2, 3, 4, 5…","1,595,964,154.88, 1,595,964,154.90, 1,595,964,154.93, 1,595,964,154.96, 1,595,964,154.99…"]},"analysedDataType":"none","accuracy":0.63157894736842102,"startTime":618104124.96514904,"trainedEvaluationURL":"file:\/\/\/Users\/namita\/Desktop\/Updated%20Softball%20Swing%20Data\/Test%20Data\/","trainedEvaluationItemCount":20},"modifiedDate":"2020-08-02 19:35:26","transientState":"none","preferredFilename":"Softball Swing Classifier 1"}