{"id":"9D6F67C2-9AD4-4B86-BB39-308DDEF0FADB","validationEntity":{"analysedDataType":"auto","dataResult":{}},"modelEntity":{"modelURL":"Models\/Swing%20Classifier%202%201.mlmodel"},"version":"1.0","settingEntity":{"suggestedColumnTypes":["Int","Int","Double","Int","Double","Double","Double","Int","Double","Double","Double","Double","Double","Double","Double","Double","Double","Double","Double","Double","Double","Double","Double","Double","Double"],"augmentations":[],"generalClassifierType":{"auto":{}},"transferLearningEmbeddingType":"dynamic","suggestedColumns":["identifierForVendor","loggingSample","loggingTime","motionAttitudeReferenceFrame","motionGravityX","motionGravityY","motionGravityZ","motionMagneticFieldCalibrationAccuracy","motionMagneticFieldX","motionMagneticFieldY","motionMagneticFieldZ","motionPitch","motionQuaternionW","motionQuaternionX","motionQuaternionY","motionQuaternionZ","motionRoll","motionRotationRateX","motionRotationRateY","motionRotationRateZ","motionTimestamp_sinceReboot","motionUserAccelerationX","motionUserAccelerationY","motionUserAccelerationZ","motionYaw"],"algorithmType":"maxEnt","seedType":"default","suggestedColumnValues":["0, 0, 0, 0, 0…","1, 2, 3, 4, 5…","1,596,230,042.36, 1,596,230,042.39, 1,596,230,042.42, 1,596,230,042.45, 1,596,230,042.48…","2, 2, 2, 2, 2…","0.24, 0.24, 0.23, 0.23, 0.24…","-0.96, -0.96, -0.96, -0.96, -0.96…","-0.15, -0.15, -0.15, -0.15, -0.15…","2, 2, 2, 2, 2…","-5.35, -5.11, -5.24, -5.55, -5.50…","-49.25, -49.20, -49.14, -49.18, -49.29…","10.93, 11.13, 11.05, 10.96, 11.25…","1.29, 1.29, 1.29, 1.29, 1.29…","0.75, 0.75, 0.75, 0.75, 0.75…","0.65, 0.65, 0.65, 0.65, 0.65…","0.09, 0.09, 0.09, 0.09, 0.09…","-0.08, -0.08, -0.08, -0.08, -0.08…","1.02, 1.02, 1.01, 1.01, 1.02…","0.09, -0.01, 0.00, 0.04, 0.02…","-0.05, -0.02, -0.02, 0.02, 0.06…","-0.05, 0.07, 0.08, -0.05, 0.01…","102,374.54, 102,374.57, 102,374.60, 102,374.63, 102,374.66…","-0.01, 0.04, -0.04, -0.06, 0.04…","-0.01, 0.02, -0.01, 0.04, 0.00…","-0.04, 0.03, 0.01, -0.01, 0.05…","-1.00, -1.00, -1.00, -1.00, -1.00…"],"generalRegressorType":{"auto":{}},"featureNames":["motionRotationRateX","motionRotationRateY","motionRotationRateZ","motionUserAccelerationX","motionUserAccelerationY","motionUserAccelerationZ"]},"state":"trained","trainingEntity":{"finishTime":617940370.08418298,"recipeTrainingResults":{"activityClassifier":{"confusionMatrix":[{"expected":"Back Leg Pick Up","actual":"Back Leg Pick Up","count":1798},{"expected":"Good Swing","actual":"Good Swing","count":1925},{"expected":"Little Pivot","actual":"Little Pivot","count":1626},{"expected":"Wild Pivot","actual":"Wild Pivot","count":1755}],"statsByLabel":{"Good Swing":{"count":1925,"precisionRecall":{"success":{"recall":1,"precision":1}}},"Wild Pivot":{"count":1755,"precisionRecall":{"success":{"recall":1,"precision":1}}},"Back Leg Pick Up":{"count":1798,"precisionRecall":{"success":{"recall":1,"precision":1}}},"Little Pivot":{"count":1626,"precisionRecall":{"success":{"recall":1,"precision":1}}}},"accuracy":1}},"dataResult":{"itemsCount":60,"columns":["identifierForVendor","loggingSample","loggingTime","motionAttitudeReferenceFrame","motionGravityX","motionGravityY","motionGravityZ","motionMagneticFieldCalibrationAccuracy","motionMagneticFieldX","motionMagneticFieldY","motionMagneticFieldZ","motionPitch","motionQuaternionW","motionQuaternionX","motionQuaternionY","motionQuaternionZ","motionRoll","motionRotationRateX","motionRotationRateY","motionRotationRateZ","motionTimestamp_sinceReboot","motionUserAccelerationX","motionUserAccelerationY","motionUserAccelerationZ","motionYaw"],"dataURL":"file:\/\/\/Users\/namita\/Desktop\/NEW%20Softball%20Swing%20Classifier\/Training%20Data\/","columnTypes":["Int","Int","Double","Int","Double","Double","Double","Int","Double","Double","Double","Double","Double","Double","Double","Double","Double","Double","Double","Double","Double","Double","Double","Double","Double"],"classesCount":4,"dataSourceID":"D8C3A735-5643-4DCE-9327-43CC7BC50678","analysis":{"summary":{"canUseValidation":0,"classCount":4,"sampleCount":60},"issues":[{"description":"4 classes found, including Little Pivot, Good Swing, Wild Pivot","severity":"info"},{"description":"Less than 100 total activity recording files found - add more to improve model validation","severity":"warning"},{"description":"Smallest class is \"Back Leg Pick Up\" with 15 activity recording files","severity":"warning"},{"description":"Largest class is \"Little Pivot\" with 15 activity recording files","severity":"info"},{"description":"6 feature columns are selected","severity":"good"}],"classifierAnalysis":{"columns":[],"vizualizerSpec":"","labelStats":{"Good Swing":15,"Wild Pivot":15,"Back Leg Pick Up":15,"Little Pivot":15}}},"columnValues":["0, 0, 0, 0, 0…","1, 2, 3, 4, 5…","1,596,230,042.36, 1,596,230,042.39, 1,596,230,042.42, 1,596,230,042.45, 1,596,230,042.48…","2, 2, 2, 2, 2…","0.24, 0.24, 0.23, 0.23, 0.24…","-0.96, -0.96, -0.96, -0.96, -0.96…","-0.15, -0.15, -0.15, -0.15, -0.15…","2, 2, 2, 2, 2…","-5.35, -5.11, -5.24, -5.55, -5.50…","-49.25, -49.20, -49.14, -49.18, -49.29…","10.93, 11.13, 11.05, 10.96, 11.25…","1.29, 1.29, 1.29, 1.29, 1.29…","0.75, 0.75, 0.75, 0.75, 0.75…","0.65, 0.65, 0.65, 0.65, 0.65…","0.09, 0.09, 0.09, 0.09, 0.09…","-0.08, -0.08, -0.08, -0.08, -0.08…","1.02, 1.02, 1.01, 1.01, 1.02…","0.09, -0.01, 0.00, 0.04, 0.02…","-0.05, -0.02, -0.02, 0.02, 0.06…","-0.05, 0.07, 0.08, -0.05, 0.01…","102,374.54, 102,374.57, 102,374.60, 102,374.63, 102,374.66…","-0.01, 0.04, -0.04, -0.06, 0.04…","-0.01, 0.02, -0.01, 0.04, 0.00…","-0.04, 0.03, 0.01, -0.01, 0.05…","-1.00, -1.00, -1.00, -1.00, -1.00…"]},"analysedDataType":"choose","recipeValidationResults":{"activityClassifier":{"confusionMatrix":[{"expected":"Back Leg Pick Up","actual":"Back Leg Pick Up","count":129},{"expected":"Good Swing","actual":"Good Swing","count":139},{"expected":"Little Pivot","actual":"Little Pivot","count":300},{"expected":"Back Leg Pick Up","actual":"Wild Pivot","count":147},{"expected":"Wild Pivot","actual":"Wild Pivot","count":290}],"statsByLabel":{"Good Swing":{"count":139,"precisionRecall":{"success":{"recall":1,"precision":1}}},"Wild Pivot":{"count":437,"precisionRecall":{"success":{"recall":0.66361556064073224,"precision":1}}},"Back Leg Pick Up":{"count":129,"precisionRecall":{"success":{"recall":1,"precision":0.46739130434782611}}},"Little Pivot":{"count":300,"precisionRecall":{"success":{"recall":1,"precision":1}}}},"accuracy":0.85373134328358213}},"validationAccuracy":0.85373134328358213,"startTime":617940356.49915397,"progress":[{"isLast":false,"currentRowIndex":0,"count":1,"tableDone":false,"acColumnHeader":{"hasValidation":true,"elapsedTime":1.2772490000000001,"trainingAccuracy":0.17243807017803192,"iterationCount":1,"validationAccuracy":0.13830845057964325},"tableIndex":0,"percentComplete":100},{"isLast":false,"currentRowIndex":1,"count":2,"tableDone":false,"acColumnHeader":{"hasValidation":true,"elapsedTime":2.3174440000000001,"trainingAccuracy":0.43285474181175232,"iterationCount":2,"validationAccuracy":0.45572137832641602},"tableIndex":0,"percentComplete":200},{"isLast":false,"currentRowIndex":2,"count":3,"tableDone":false,"acColumnHeader":{"hasValidation":true,"elapsedTime":3.355505,"trainingAccuracy":0.58136260509490967,"iterationCount":3,"validationAccuracy":0.42686566710472107},"tableIndex":0,"percentComplete":300},{"isLast":false,"currentRowIndex":3,"count":4,"tableDone":false,"acColumnHeader":{"hasValidation":true,"elapsedTime":4.3941619999999997,"trainingAccuracy":0.61430180072784424,"iterationCount":4,"validationAccuracy":0.42686566710472107},"tableIndex":0,"percentComplete":400},{"isLast":false,"currentRowIndex":4,"count":5,"tableDone":false,"acColumnHeader":{"hasValidation":true,"elapsedTime":5.4348089999999996,"trainingAccuracy":0.76731419563293457,"iterationCount":5,"validationAccuracy":0.55522388219833374},"tableIndex":0,"percentComplete":500},{"isLast":false,"currentRowIndex":5,"count":6,"tableDone":false,"acColumnHeader":{"hasValidation":true,"elapsedTime":6.4742689999999996,"trainingAccuracy":0.79969030618667603,"iterationCount":6,"validationAccuracy":0.5084577202796936},"tableIndex":0,"percentComplete":600},{"isLast":false,"currentRowIndex":6,"count":10,"tableDone":false,"acColumnHeader":{"hasValidation":true,"elapsedTime":10.626810000000001,"trainingAccuracy":0.91807430982589722,"iterationCount":10,"validationAccuracy":0.85373133420944214},"tableIndex":0,"percentComplete":1000},{"isLast":true,"currentRowIndex":6,"count":10,"tableDone":true,"acColumnHeader":{"hasValidation":true,"elapsedTime":10.626810000000001,"trainingAccuracy":0.91807430982589722,"iterationCount":10,"validationAccuracy":0.85373133420944214},"tableIndex":0,"percentComplete":1000}],"trainingAccuracy":1},"createdDate":"2020-07-31 22:05:18","transientEvaluationState":"none","evaluationState":"evaluated","title":"Swing Classifier 2 1","evaluationEntity":{"finishTime":617940374.08649099,"result":{"activityClassifier":{"statsByLabel":{"Good Swing":{"count":10,"precisionRecall":{"success":{"recall":0.20000000000000001,"precision":0.2857142857142857}}},"Wild Pivot":{"count":10,"precisionRecall":{"success":{"recall":0.80000000000000004,"precision":0.44444444444444442}}},"Back Leg Pick Up":{"count":10,"precisionRecall":{"success":{"recall":0.40000000000000002,"precision":0.40000000000000002}}},"Little Pivot":{"count":10,"precisionRecall":{"success":{"recall":0.5,"precision":1}}}},"accuracy":0.47499999999999998}},"dataResult":{"itemsCount":20,"columns":["identifierForVendor","loggingSample","loggingTime","motionAttitudeReferenceFrame","motionGravityX","motionGravityY","motionGravityZ","motionMagneticFieldCalibrationAccuracy","motionMagneticFieldX","motionMagneticFieldY","motionMagneticFieldZ","motionPitch","motionQuaternionW","motionQuaternionX","motionQuaternionY","motionQuaternionZ","motionRoll","motionRotationRateX","motionRotationRateY","motionRotationRateZ","motionTimestamp_sinceReboot","motionUserAccelerationX","motionUserAccelerationY","motionUserAccelerationZ","motionYaw"],"dataURL":"file:\/\/\/Users\/namita\/Desktop\/NEW%20Softball%20Swing%20Classifier\/Test%20Data\/","columnTypes":["Int","Int","Double","Int","Double","Double","Double","Int","Double","Double","Double","Double","Double","Double","Double","Double","Double","Double","Double","Double","Double","Double","Double","Double","Double"],"classesCount":4,"dataSourceID":"949DC9EC-E865-4DE0-B6D1-9CBF1454BB52","analysis":{"summary":{"canUseValidation":0,"classCount":4,"sampleCount":20},"issues":[{"description":"4 classes found, including Good Swing, Wild Pivot, Back Leg Pick Up","severity":"info"},{"description":"Less than 100 total activity recording files found - add more to improve model validation","severity":"warning"},{"description":"Smallest class is \"Little Pivot\" with 5 activity recording files","severity":"warning"},{"description":"Largest class is \"Good Swing\" with 5 activity recording files","severity":"info"},{"description":"6 feature columns are selected","severity":"good"}],"classifierAnalysis":{"columns":[],"vizualizerSpec":"","labelStats":{"Good Swing":5,"Wild Pivot":5,"Back Leg Pick Up":5,"Little Pivot":5}}},"columnValues":["0, 0, 0, 0, 0…","1, 2, 3, 4, 5…","1,596,229,566.90, 1,596,229,566.93, 1,596,229,566.96, 1,596,229,567.01, 1,596,229,567.03…","2, 2, 2, 2, 2…","0.19, 0.19, 0.19, 0.19, 0.19…","-0.96, -0.96, -0.96, -0.96, -0.96…","-0.20, -0.20, -0.20, -0.20, -0.20…","2, 2, 2, 2, 2…","-4.63, -4.64, -4.53, -4.32, -4.38…","-48.93, -48.78, -48.83, -48.80, -48.90…","7.99, 8.12, 8.00, 8.26, 8.30…","1.29, 1.29, 1.29, 1.29, 1.29…","0.78, 0.77, 0.78, 0.77, 0.77…","0.62, 0.62, 0.62, 0.62, 0.62…","0.14, 0.14, 0.14, 0.14, 0.13…","0.02, 0.02, 0.02, 0.01, 0.01…","0.76, 0.77, 0.76, 0.77, 0.76…","0.10, -0.01, 0.05, -0.06, 0.11…","0.16, -0.06, -0.22, -0.11, 0.06…","-0.02, 0.05, -0.07, -0.03, 0.11…","101,899.08, 101,899.11, 101,899.17, 101,899.20, 101,899.23…","0.02, 0.08, -0.01, -0.01, -0.11…","0.02, -0.03, 0.00, 0.01, 0.02…","0.00, -0.04, -0.03, -0.01, 0.03…","-0.54, -0.54, -0.54, -0.56, -0.55…"]},"analysedDataType":"none","accuracy":0.47499999999999998,"startTime":617940372.24153399,"trainedEvaluationURL":"file:\/\/\/Users\/namita\/Desktop\/NEW%20Softball%20Swing%20Classifier\/Test%20Data\/","trainedEvaluationItemCount":20},"modifiedDate":"2020-08-03 22:08:04","transientState":"none","preferredFilename":"Swing Classifier 2 1"}