{"createdDate":"2020-07-31 22:05:25","id":"D8C3A735-5643-4DCE-9327-43CC7BC50678","modifiedDate":"2020-07-31 22:05:42","title":"Training Data","dataResult":{"itemsCount":60,"columns":["identifierForVendor","loggingSample","loggingTime","motionAttitudeReferenceFrame","motionGravityX","motionGravityY","motionGravityZ","motionMagneticFieldCalibrationAccuracy","motionMagneticFieldX","motionMagneticFieldY","motionMagneticFieldZ","motionPitch","motionQuaternionW","motionQuaternionX","motionQuaternionY","motionQuaternionZ","motionRoll","motionRotationRateX","motionRotationRateY","motionRotationRateZ","motionTimestamp_sinceReboot","motionUserAccelerationX","motionUserAccelerationY","motionUserAccelerationZ","motionYaw"],"dataURL":"file:\/\/\/Users\/namita\/Desktop\/NEW%20Softball%20Swing%20Classifier\/Training%20Data\/","columnTypes":["Int","Int","Double","Int","Double","Double","Double","Int","Double","Double","Double","Double","Double","Double","Double","Double","Double","Double","Double","Double","Double","Double","Double","Double","Double"],"classesCount":4,"analysis":{"summary":{"canUseValidation":0,"classCount":4,"sampleCount":60},"issues":[{"description":"4 classes found, including Little Pivot, Good Swing, Wild Pivot","severity":"info"},{"description":"Less than 100 total activity recording files found - add more to improve model validation","severity":"warning"},{"description":"Smallest class is \"Back Leg Pick Up\" with 15 activity recording files","severity":"warning"},{"description":"Largest class is \"Little Pivot\" with 15 activity recording files","severity":"info"},{"description":"6 feature columns are selected","severity":"good"}],"classifierAnalysis":{"columns":[],"vizualizerSpec":"","labelStats":{"Good Swing":15,"Wild Pivot":15,"Back Leg Pick Up":15,"Little Pivot":15}}},"columnValues":["0, 0, 0, 0, 0…","1, 2, 3, 4, 5…","1,596,230,042.36, 1,596,230,042.39, 1,596,230,042.42, 1,596,230,042.45, 1,596,230,042.48…","2, 2, 2, 2, 2…","0.24, 0.24, 0.23, 0.23, 0.24…","-0.96, -0.96, -0.96, -0.96, -0.96…","-0.15, -0.15, -0.15, -0.15, -0.15…","2, 2, 2, 2, 2…","-5.35, -5.11, -5.24, -5.55, -5.50…","-49.25, -49.20, -49.14, -49.18, -49.29…","10.93, 11.13, 11.05, 10.96, 11.25…","1.29, 1.29, 1.29, 1.29, 1.29…","0.75, 0.75, 0.75, 0.75, 0.75…","0.65, 0.65, 0.65, 0.65, 0.65…","0.09, 0.09, 0.09, 0.09, 0.09…","-0.08, -0.08, -0.08, -0.08, -0.08…","1.02, 1.02, 1.01, 1.01, 1.02…","0.09, -0.01, 0.00, 0.04, 0.02…","-0.05, -0.02, -0.02, 0.02, 0.06…","-0.05, 0.07, 0.08, -0.05, 0.01…","102,374.54, 102,374.57, 102,374.60, 102,374.63, 102,374.66…","-0.01, 0.04, -0.04, -0.06, 0.04…","-0.01, 0.02, -0.01, 0.04, 0.00…","-0.04, 0.03, 0.01, -0.01, 0.05…","-1.00, -1.00, -1.00, -1.00, -1.00…"],"error":{"code":1000,"reason":"No feature columns selected","domain":"composer.error.domain","errorType":"notReady"}},"preferredFilename":"Training Data","version":"1.0","pathType":0,"experimentIDs":["9D6F67C2-9AD4-4B86-BB39-308DDEF0FADB"]}