loggingTime,loggingSample,identifierForVendor,motionTimestamp_sinceReboot,motionYaw,motionRoll,motionPitch,motionRotationRateX,motionRotationRateY,motionRotationRateZ,motionUserAccelerationX,motionUserAccelerationY,motionUserAccelerationZ,motionAttitudeReferenceFrame,motionQuaternionX,motionQuaternionY,motionQuaternionZ,motionQuaternionW,motionGravityX,motionGravityY,motionGravityZ,motionMagneticFieldX,motionMagneticFieldY,motionMagneticFieldZ,motionMagneticFieldCalibrationAccuracy
1596231007.029362,1,0,103339.228503,2.212207346415592,-0.9769425086360136,1.163347252826425,0.1987869292497635,0.183560699224472,-0.1323800832033157,-0.03099274635314941,0.004988729953765869,-0.02279317378997803,2,0.5679500253748925,0.2580015803357052,0.544042237186704,0.5611472121368803,-0.3284238576889038,-0.9181346893310547,-0.2217359095811844,-28.63739013671875,-42.34759521484375,9.960418701171875,2
1596231007.059058,2,0,103339.258602,2.219551722190991,-0.9804133396092704,1.171727238835129,0.2413332462310791,0.04384259879589081,-0.1822205483913422,-0.06304281949996948,0.02065169811248779,-0.01552867889404297,2,0.5683439810733986,0.2623608251671022,0.5425573638578107,0.5601638575573914,-0.3227883279323578,-0.9214231371879578,-0.2163038402795792,-28.63640594482422,-42.50298309326172,10.11392211914062,2
1596231007.085147,3,0,103339.288701,2.230088698574779,-0.9859010844311035,1.181261169852416,0.3224172592163086,0.2789135873317719,-0.2247004210948944,-0.05298814177513123,0.05996382236480713,-0.02622216939926147,2,0.5688621188573498,0.267509170799273,0.5410250348993717,0.5586831587688835,-0.316631555557251,-0.9250856637954712,-0.2096694707870483,-28.23541259765625,-42.65974426269531,10.36514282226562,2
1596231007.122212,4,0,103339.318801,2.24212430332954,-0.9882984732830975,1.192946448424689,0.3500692248344421,0.1357178092002869,-0.2581555545330048,-0.0487898588180542,0.01404434442520142,-0.05227649211883545,2,0.568352005859488,0.2747752638848712,0.54010756359693,0.5565596754464067,-0.3080847561359406,-0.9294599890708923,-0.2029491066932678,-28.07040405273438,-42.65419006347656,10.52279663085938,2
1596231007.145445,5,0,103339.3489,2.254883529412317,-1.006272569510218,1.206779854285762,0.1966870278120041,-0.3283101618289948,-0.2735479772090912,0.04331770539283752,-0.02025520801544189,-0.03171294927597046,2,0.5718948942776922,0.2787391003399626,0.534262225760469,0.5566012573400368,-0.3007906079292297,-0.9344743490219116,-0.1904814839363098,-27.77609252929688,-42.64635467529297,10.9632568359375,2
1596231007.179229,6,0,103339.378999,2.253624005029547,-1.005239546750187,1.208262183651959,0.1995456665754318,-0.2092625796794891,0.1889820992946625,0.09442228078842163,-0.02542757987976074,-0.1622781753540039,2,0.5718410945477224,0.2792364817694873,0.533747669875169,0.5569007450571943,-0.2994236946105957,-0.9350011348724365,-0.1900494992733002,-27.46350860595703,-42.92369842529297,11.00567626953125,2
1596231007.205517,7,0,103339.409098,2.271747359515668,-1.02872674751016,1.21037171923898,0.1813229024410248,-0.2455708384513855,-0.2552050054073334,0.03666356205940247,0.1042653918266296,0.03659969568252563,2,0.5756258187007128,0.278713969216964,0.5313961314765132,0.5555102726254425,-0.3021137118339539,-0.9357471466064453,-0.181946873664856,-27.7421875,-42.60555267333984,11.802490234375,2
1596231007.242418,8,0,103339.439197,2.276172751699973,-1.041273796313098,1.220145399700093,0.1535462290048599,-0.2559478282928467,-0.02980706095695496,0.06340795755386353,-0.06419122219085693,0.04720044136047363,2,0.5785373426045682,0.2802454253520064,0.5259722641433039,0.5568756095356984,-0.2964655160903931,-0.9391493201255798,-0.1735140830278397,-27.22185516357422,-42.58535766601562,11.99029541015625,2
1596231007.265913,9,0,103339.469297,2.290298921337573,-1.063402721723091,1.220782907399539,0.200750932097435,-0.2811967432498932,-0.0182200837880373,-0.02357503771781921,0.04967808723449707,-0.04146862030029297,2,0.582379726722892,0.2784305034222339,0.5232827212529227,0.5563143242524436,-0.299708753824234,-0.9393681287765503,-0.1666206121444702,-26.97902679443359,-42.49082946777344,12.38381958007812,2
1596231007.302326,10,0,103339.499396,2.299228312088533,-1.079838799252924,1.227069662396303,0.2117954939603806,-0.2999275326728821,-0.1801000982522964,-0.06091535091400146,0.03516674041748047,-0.04902082681655884,2,0.5854869592381736,0.2788592671997017,0.5190137743892951,0.5568371041948201,-0.2971932291984558,-0.9415053129196167,-0.1588850617408752,-27.03580474853516,-42.47821044921875,12.72891235351562,2
1596231007.326045,11,0,103339.529495,2.311460869125189,-1.09963212795036,1.233947586710709,0.1866557002067566,-0.282860279083252,-0.08035124093294144,0.007737070322036743,-0.03562569618225098,0.02714395523071289,2,0.5889283817549914,0.2795515473683616,0.5144662697962316,0.5570806434721746,-0.2945020496845245,-0.9438008666038513,-0.1500285863876343,-26.58816528320312,-42.84378051757812,13.2763671875,2
1596231007.359315,12,0,103339.559594,2.323997556613423,-1.123789144365049,1.23810714268251,0.2499560415744781,-0.5143580436706543,-0.08565362542867661,0.01719319820404053,0.02925163507461548,0.01886814832687378,2,0.593358607928949,0.2780988467743744,0.5095239272913676,0.5576488403926898,-0.2944978177547455,-0.9451675415039062,-0.1411731839179993,-26.57505035400391,-42.70865631103516,13.71209716796875,2
1596231007.385984,13,0,103339.589693,2.338378328300294,-1.152710145945519,1.243647147084226,0.09762074798345566,-0.4676601588726044,-0.08826788514852524,0.04435065388679504,0.032795250415802,0.1160953640937805,2,0.5986381721464866,0.2764006266355798,0.5031928161860026,0.5585984139388194,-0.2936669588088989,-0.946962296962738,-0.1304700672626495,-25.96257019042969,-42.73483276367188,14.39785766601562,2
1596231007.423212,14,0,103339.619792,2.347376342599751,-1.171544558991205,1.247599847313147,0.2377814948558807,-0.319506973028183,-0.08086570352315903,-0.02833437919616699,-0.05801141262054443,-0.1539812088012695,2,0.6020539099371588,0.2753197710913601,0.4988236917950866,0.5593793217247823,-0.2926211357116699,-0.9482250809669495,-0.1234602257609367,-25.63137054443359,-42.712158203125,15.00546264648438,2
1596231007.446349,15,0,103339.649892,2.368950864067175,-1.2032528217207,1.251582475701361,0.3007627725601196,-0.4197047352790833,-0.003923583310097456,-0.02319219708442688,0.03182542324066162,-0.1936953067779541,2,0.6068680202386554,0.2744621174265902,0.4940345726579894,0.5588487516878389,-0.2928619384765625,-0.9494824409484863,-0.1127635017037392,-25.54098510742188,-42.53136444091797,15.543212890625,2
1596231007.482352,16,0,103339.679991,2.40414318433777,-1.251643680514007,1.25791807903911,0.5000472068786621,-0.5437842011451721,-0.1927327364683151,-0.1106294989585876,0.09879392385482788,-0.1971523761749268,2,0.6136900073805934,0.2740379218847088,0.4871332179526767,0.5576639951460785,-0.2922554016113281,-0.9514515995979309,-0.09657558798789978,-25.23230743408203,-42.38069915771484,16.50592041015625,2
1596231007.506595,17,0,103339.71009,2.444710841099707,-1.302067707503913,1.271120945887457,0.5251489877700806,-0.1335893422365189,-0.3249830901622772,-0.1087771058082581,0.0574653148651123,-0.0146101713180542,2,0.6195995236495245,0.2773198735861804,0.478839607362586,0.5566893333477158,-0.28461554646492,-0.9554323554039001,-0.07838023453950882,-24.9078369140625,-42.48113250732422,17.08831787109375,2
1596231007.543032,18,0,103339.740189,2.499382987976426,-1.345611182950513,1.282270711999753,0.6040040254592896,0.6040636897087097,-0.218126580119133,-0.146135538816452,0.1708799600601196,0.1305558681488037,2,0.6215356101931721,0.2862280026752528,0.4770950978309834,0.5514957409114003,-0.2773561477661133,-0.9586644172668457,-0.06353402882814407,-24.49448394775391,-42.31546783447266,17.7847900390625,2
1596231007.5667,19,0,103339.770288,2.535952706686162,-1.360689225043612,1.298172909647548,0.3217752873897552,0.6543872356414795,-0.6631824374198914,0.02808436751365662,-0.08919751644134521,0.1975563764572144,2,0.6184552296839653,0.2990552476409029,0.4777005806777767,0.547614499353143,-0.2633388638496399,-0.9630678296089172,-0.05615817382931709,-24.37239837646484,-42.31960296630859,18.28408813476562,2
1596231007.604039,20,0,103339.800387,2.554984939369051,-1.366215944501385,1.315574462969286,0.151282012462616,0.1145072281360626,-0.1509330570697784,0.3486323356628418,-0.157715380191803,0.1097339391708374,2,0.615266512888016,0.3095200349646431,0.4759985494808916,0.546872874021798,-0.2471957057714462,-0.967607319355011,-0.05128893256187439,-23.82212829589844,-42.60377502441406,17.8984375,2
1596231007.62687,21,0,103339.830487,2.580219326923437,-1.399107212308076,1.312026383353592,0.3381493091583252,-0.6114193201065063,0.1616254597902298,0.01852154731750488,0.1188663840293884,-0.03978651762008667,2,0.6195427915683731,0.3070952636943711,0.4737895932210574,0.5453282643629874,-0.252130389213562,-0.9667054414749146,-0.04371845722198486,-23.87439727783203,-42.45951843261719,18.19940185546875,2
1596231007.659717,22,0,103339.860586,2.612775533937155,-1.445124780913788,1.318952713595516,0.2546106278896332,-0.1371838748455048,-0.4601500034332275,-0.15263432264328,0.02177798748016357,0.01159763336181641,2,0.6245883231085649,0.3070382804586177,0.4663323066935616,0.5460323974742403,-0.2472257316112518,-0.9684546589851379,-0.03123384155333042,-23.41284942626953,-42.19219970703125,19.22317504882812,2
1596231007.687148,23,0,103339.890685,2.64502764927259,-1.466465665283528,1.329001019523268,0.3574559688568115,0.7354498505592346,-0.02140962705016136,0.02518674731254578,-0.07731103897094727,-0.05396020412445068,2,0.6233099747323667,0.3146688350038009,0.4655628148354206,0.5438012151297195,-0.2381453067064285,-0.9709096550941467,-0.02493639849126339,-23.18325042724609,-42.33151245117188,19.3125,2
1596231007.722094,24,0,103339.920784,2.69974902278843,-1.498877219999638,1.328404242149065,0.4475484788417816,0.4660100340843201,0.005229020025581121,0.140860378742218,0.1700872182846069,-0.06273162364959717,2,0.62225484274064,0.3227616603363107,0.4704115263784677,0.5360384003060181,-0.239406406879425,-0.9707666039466858,-0.01724764332175255,-23.19281005859375,-42.26315307617188,19.2755126953125,2
1596231007.747252,25,0,103339.9508817917,2.767968426686921,-1.558654935398332,1.331157824123707,0.6134665608406067,0.03116908669471741,-0.04893914610147476,0.2115446627140045,0.0246051549911499,-0.09784984588623047,2,0.6247654760070944,0.3289790902884732,0.4692088464842671,0.5303622453174444,-0.2373348027467728,-0.971423864364624,-0.002881716238334775,-23.57497406005859,-41.92729187011719,19.52603149414062,2
1596231007.780834,26,0,103339.9809807917,2.831242815403089,-1.624295394319054,1.328201488533394,0.5187545418739319,-0.1865344196557999,0.1731956601142883,0.07223328948020935,-0.09987479448318481,-0.04868483543395996,2,0.6301857089666008,0.3305885255584751,0.4660898038611798,0.5256783945406723,-0.23987977206707,-0.9707179069519043,0.01284560188651085,-23.60195159912109,-41.52842712402344,20.4266357421875,2
1596231007.809867,27,0,103340.0110807917,2.897386735946439,-1.694610389017022,1.323192112936885,0.4459661245346069,-0.2500957250595093,0.02395409904420376,0.02129998803138733,0.1094030737876892,0.01151847839355469,2,0.6364999921571851,0.3316645448793167,0.462356322570631,0.5206661249148032,-0.2432066053152084,-0.9695023894309998,0.03026721999049187,-23.74598693847656,-41.20734405517578,20.88827514648438,2
1596231007.842423,28,0,103340.0411797917,2.956192881889414,-1.756251037083602,1.321768671439567,0.5066196322441101,-0.01687736809253693,-0.01564859598875046,-0.1440818607807159,-0.03737473487854004,0.0005853176116943359,2,0.6411917290224194,0.3340601742977428,0.4582495008200704,0.5169956811012737,-0.2422362416982651,-0.9691525101661682,0.04544606804847717,-23.41737365722656,-40.83542633056641,21.751953125,2
1596231007.867731,29,0,103340.0712787917,3.006907036169753,-1.793253093172624,1.31868047979778,0.4743858575820923,0.9000625610351562,-0.002562955021858215,-0.1536927819252014,0.0005910992622375488,-0.07584869861602783,2,0.6418116069190367,0.3399940211323578,0.4600818156629078,0.5106924245205782,-0.2433069497346878,-0.9683867692947388,0.05503614619374275,-23.69354248046875,-40.61779022216797,22.2080078125,2
1596231007.902871,30,0,103340.1013777917,3.069617496424324,-1.822638963751206,1.315587773430346,0.5286639332771301,1.084996819496155,-0.06766544282436371,-0.1218289732933044,-0.01347136497497559,0.06789016723632812,2,0.6384813014740502,0.3518454829424933,0.4671604433683248,0.5003075915647047,-0.2444844841957092,-0.9676106572151184,0.06290723383426666,-24.03471374511719,-40.27953338623047,22.32928466796875,2
1596231007.927867,31,0,103340.1314767917,3.132355441622628,-1.854809347839813,1.316517648393615,0.4095246195793152,0.7769478559494019,-0.2687079310417175,-0.1754822134971619,0.03568583726882935,0.139033317565918,2,0.63458712591132,0.364063707751863,0.4723008445811622,0.4916187038880822,-0.2414710074663162,-0.9678450226783752,0.0704864040017128,-24.59857940673828,-39.85041046142578,22.10562133789062,2
1596231007.959553,32,0,103340.1615757917,-3.108729414136121,-1.867406327159672,1.323980174647716,0.217450812458992,1.193493843078613,-0.356283575296402,-0.2273874878883362,-0.05342650413513184,0.09979796409606934,2,0.6279424979944408,0.376022450807364,0.4772645340080194,0.4863270510428613,-0.2336495816707611,-0.9696952104568481,0.07140932977199554,-24.83577728271484,-40.00704193115234,21.93841552734375,2
1596231007.988021,33,0,103340.1916757917,-3.073420572926581,-1.86294319478307,1.331240123201402,0.07936105132102966,1.259734034538269,-0.2746785283088684,0.1219120919704437,0.05578321218490601,0.2537614107131958,2,0.6182690615559598,0.3897583503684642,0.485905144576457,0.479299573960611,-0.2272182106971741,-0.9714433550834656,0.06833640486001968,-25.36225891113281,-39.89787292480469,21.42031860351562,2
1596231008.021882,34,0,103340.2217747917,-3.065432955594232,-1.843125155044244,1.336693437112611,-0.09520232677459717,0.5264350771903992,-0.06204609200358391,0.5312412977218628,-0.0006129741668701172,0.2333723306655884,2,0.6104516385602301,0.398178390913342,0.4929484674194381,0.4751891419720082,-0.2234223037958145,-0.9727228283882141,0.06239446625113487,-25.75450897216797,-40.06581115722656,20.86749267578125,2
1596231008.048233,35,0,103340.2518737917,-3.099938943770911,-1.809530052217861,1.333262661835275,-0.3758138418197632,-0.4882503151893616,0.4029261469841003,0.3427377641201019,-0.03879457712173462,0.2103855609893799,2,0.6098542194676888,0.3948413178522441,0.4956101866243748,0.4759715497218904,-0.2286334633827209,-0.9719212651252747,0.05564367026090622,-26.01060485839844,-40.30598449707031,20.2847900390625,2
1596231008.082325,36,0,103340.2819727917,3.105113006432291,-1.761761382426135,1.324191242148703,-0.7005801796913147,-1.232169270515442,0.3542115986347198,0.02835655212402344,0.04776120185852051,0.2475333213806152,2,0.6153638712695181,0.3801243656491381,0.4932578223773767,0.483249136103956,-0.2396765500307083,-0.9697467684745789,0.04633445665240288,-25.74321746826172,-40.12631225585938,20.24844360351562,2
1596231008.109807,37,0,103340.3120717917,3.006701736452437,-1.697396966881667,1.316059727371998,-0.8374296426773071,-0.9244004487991333,0.5477746725082397,0.3042538464069366,-0.07943600416183472,0.2505933046340942,2,0.6196239312933216,0.3632832571461488,0.4908332198722707,0.4931271140293392,-0.2499743700027466,-0.9677296876907349,0.03181708231568336,-25.75524139404297,-40.20236968994141,20.13677978515625,2
1596231008.142765,38,0,103340.3421707917,2.884616454406399,-1.621906164491807,1.296435176430083,-1.038619995117188,-1.851288080215454,0.8313391208648682,0.2316673696041107,0.07637262344360352,0.1138490438461304,2,0.6264221231140246,0.3384020789960579,0.488480599230449,0.5044464067472123,-0.2705786824226379,-0.9625985026359558,0.01384128723293543,-25.86663818359375,-40.5733642578125,20.02841186523438,2
1596231008.168684,39,0,103340.3722707917,2.763914317237553,-1.561762057242475,1.272236624784869,-1.194700241088867,-1.718578338623047,0.8532938361167908,0.08899721503257751,-0.06303596496582031,0.3079133033752441,2,0.6353728167162247,0.3081764265698494,0.4827097980650339,0.5179963295892228,-0.2941328585147858,-0.9557611346244812,-0.002657347824424505,-25.67589569091797,-40.39853668212891,19.84402465820312,2
1596231008.203529,40,0,103340.4023697917,2.653874843400908,-1.504742605024952,1.243056798285985,-1.189337611198425,-1.611214637756348,1.044783473014832,0.4401404559612274,-0.1450398564338684,0.2885366678237915,2,0.641777720197902,0.2783839097083436,0.4799033953193702,0.5294493931402602,-0.3212022185325623,-0.9467723965644836,-0.02124751359224319,-25.74745178222656,-40.63343811035156,19.83587646484375,2
1596231008.228925,41,0,103340.4324687917,2.533144211086003,-1.449897870673821,1.189383520448358,-2.321527719497681,-2.927397966384888,2.680864810943604,0.9681859016418457,-0.7310530543327332,-0.232993483543396,2,0.6496584995084322,0.2355789681262092,0.4802695757250705,0.5401736824254187,-0.3695152997970581,-0.9281396865844727,-0.04489276930689812,-26.35579681396484,-40.49681091308594,19.40921020507812,2
1596231008.259057,42,0,103340.4625677917,2.373069383734928,-1.461618458896771,1.067976576625302,-3.210440635681152,-5.487079620361328,4.013782024383545,1.707782983779907,-1.487265348434448,0.3563008308410645,2,0.6747272177202022,0.1359745640549289,0.4668734435602382,0.5552328178138302,-0.4790293574333191,-0.8762272000312805,-0.05250819772481918,-27.34140777587891,-39.96562957763672,19.28567504882812,2
1596231008.289074,43,0,103340.4926667917,2.200790956945558,-1.49640818401974,0.9305173246957601,-3.792375087738037,-6.549897193908691,4.650194644927979,1.544456005096436,-1.251066446304321,0.4100924730300903,2,0.6910084112445853,0.0175329115750027,0.4455214479318678,0.5689558323663098,-0.5957672595977783,-0.8019291162490845,-0.04439994692802429,-28.99188232421875,-38.57961273193359,20.463134765625,2
1596231008.322371,44,0,103340.5227657917,2.04032688869905,-1.586980217645976,0.778688322741914,-3.232132196426392,-7.730246067047119,5.134091377258301,1.012557983398438,-0.07938045263290405,0.8801031112670898,2,0.7012812429029393,-0.1181714954447941,0.4113951411762384,0.5700827532087346,-0.7117424607276917,-0.7023463249206543,0.01151976827532053,-30.12799835205078,-36.38052368164062,22.50772094726562,2
1596231008.349289,45,0,103340.5528647917,1.917100414246394,-1.766455797672318,0.6319046521177927,-2.5229651927948,-8.979562759399414,4.990100383758545,0.1166650056838989,0.7653300762176514,0.7440028190612793,2,0.7144505538386298,-0.2607622019094661,0.3556706157219477,0.5431961675632679,-0.7915081977844238,-0.5906826853752136,0.156873032450676,-29.55198669433594,-34.86951446533203,24.892333984375,2
1596231008.383356,46,0,103340.5829637917,1.761159253907569,-1.934020235534887,0.5289397889131559,-3.916766166687012,-6.561561584472656,3.91762638092041,-0.3790885210037231,0.5513830780982971,1.002774953842163,2,0.7071942109727228,-0.3914648950609917,0.2855786893480389,0.5148559982875627,-0.8070152997970581,-0.5046182870864868,0.3067368268966675,-26.39800262451172,-33.36138153076172,29.5152587890625,2
1596231008.40946,47,0,103340.6130637917,1.591823786988965,-1.93168721217391,0.5024374447885637,-3.998129367828369,0.5501950979232788,1.042770385742188,-0.9749629497528076,0.3377019166946411,0.230337381362915,2,0.6681620242919543,-0.4563917415957743,0.2505457734520636,0.5315007358473953,-0.8199554085731506,-0.4815631806850433,0.3094678223133087,-26.10162353515625,-34.09715270996094,28.82952880859375,2
1596231008.442341,48,0,103340.6431627917,1.473067903886371,-1.823368544065865,0.5347330245344354,-3.529157876968384,2.488625288009644,-0.6526404619216919,-0.08905607461929321,0.4007596969604492,0.2515442371368408,2,0.6320134508231733,-0.4561410218822687,0.2420390020615071,0.5778509817820978,-0.8331068754196167,-0.5096113681793213,0.2150112688541412,-27.79222869873047,-37.48021697998047,22.8861083984375,2
1596231008.469638,49,0,103340.6732617917,1.331195289293482,-1.668437226351071,0.587691369475065,-4.980900287628174,2.412725687026978,-1.36166250705719,0.5694050788879395,0.4415243864059448,0.6932286024093628,2,0.5908749519094851,-0.4375291616600337,0.2282920400632984,0.638214612355446,-0.8282591104507446,-0.5544412136077881,0.08112995326519012,-28.18444061279297,-39.28380584716797,18.79412841796875,2
1596231008.502168,50,0,103340.7033607917,1.143144775873713,-1.529015584176731,0.639496043445363,-4.87938117980957,-0.784633457660675,-1.842602491378784,0.4824628233909607,0.2888262867927551,0.241967499256134,2,0.5462594036464865,-0.4299339169975643,0.1876423661977185,0.6939365931795782,-0.8016965985298157,-0.59679114818573,-0.03351498022675514,-26.96775054931641,-43.16469573974609,9.34429931640625,2
1596231008.52989,51,0,103340.7334597917,0.967242919489306,-1.511176542643019,0.6899632514613967,-4.214566230773926,-4.805674076080322,-1.849623918533325,0.4352121353149414,0.295263946056366,0.3069632649421692,2,0.5179849574760055,-0.4568519804244341,0.1132086044806578,0.7142562532606351,-0.7698994874954224,-0.6365088224411011,-0.04595570266246796,-25.34459686279297,-44.794921875,6.295928955078125,2
1596231008.561831,52,0,103340.7635587917,0.8154337310942691,-1.571227227729448,0.719158109269627,-3.253232717514038,-5.278081893920898,-0.2394410222768784,0.1605651378631592,-0.05335593223571777,0.7114291191101074,2,0.4908747051781427,-0.5091209289841608,0.03391975344883114,0.7061781810640259,-0.7523608803749084,-0.6587514877319336,0.0003241930389776826,-22.15533447265625,-46.68973541259766,3.031646728515625,2
1596231008.590209,53,0,103340.7936587917,0.6941492694452956,-1.617203144769882,0.719708941806507,-3.07242751121521,-2.978341102600098,-0.06849031150341034,-0.4875046014785767,0.00994575023651123,1.024855375289917,2,0.4589338385518684,-0.5539155020048504,-0.01968958298910256,0.6943845068682536,-0.7511882781982422,-0.6591657996177673,0.03488530218601227,-21.74275207519531,-46.77787017822266,1.884033203125,2
1596231008.623082,54,0,103340.8237577917,0.5738425233075892,-1.607540355904558,0.7420562974665921,-2.477275371551514,-1.370500445365906,-1.168132662773132,-0.4087444543838501,0.5125018954277039,0.3795579671859741,2,0.4312283806919527,-0.5723466586839376,-0.06733580713140747,0.6942100455164844,-0.7365833520889282,-0.6758049726486206,0.02707722783088684,-21.31525421142578,-46.70191955566406,-1.47552490234375,2
1596231008.650265,55,0,103340.8538567917,0.5023615712620945,-1.566420378776012,0.7890289489838417,-1.507554650306702,0.04643385112285614,-1.744352102279663,-0.09581363201141357,0.4199574589729309,0.3695614337921143,2,0.4257241799219337,-0.5632205811775739,-0.1000742229752003,0.7010897806712193,-0.7045283317565918,-0.7096694707870483,-0.003082999028265476,-20.51470184326172,-47.22462463378906,-2.830078125,2
1596231008.68196,56,0,103340.8839557917,0.4267101551829334,-1.533721175922703,0.8456149452115995,-1.261839747428894,-1.546407699584961,-2.180712699890137,0.1814165115356445,0.4883308410644531,-0.2065548896789551,2,0.4227544791341142,-0.5558651117688053,-0.1392121311336723,0.7020774760910888,-0.6628156304359436,-0.748379111289978,-0.02458525635302067,-17.46297454833984,-47.96490478515625,-5.7354736328125,2
1596231008.710569,57,0,103340.9140547917,0.3980409559480689,-1.55883388672058,0.9218475050767616,0.04654079675674438,-1.258962988853455,-2.715831756591797,0.09980601072311401,0.4431922435760498,0.2724924087524414,2,0.4345951878246712,-0.554537970482484,-0.180487369328288,0.6863229680790583,-0.6043063998222351,-0.796719491481781,-0.007229323964565992,-15.51594543457031,-48.47426605224609,-6.37152099609375,2
1596231008.742033,58,0,103340.9441537917,0.4515658161601663,-1.569094721052226,0.9706751210174566,0.9860159158706665,2.273292064666748,0.4061051905155182,-2.086956977844238,-1.13106107711792,0.89652419090271,2,0.4616707955671948,-0.5351444586954927,-0.1810861373764204,0.6838776581205851,-0.5647423267364502,-0.8252671957015991,-0.0009609697153791785,-11.21659088134766,-49.31254577636719,-5.8087158203125,2
1596231008.770648,59,0,103340.9742535,0.4488670137368027,-1.480586663008779,0.9370227838452084,0.7652825117111206,2.936290979385376,0.791795015335083,-0.5458852052688599,0.6700171828269958,0.8603261709213257,2,0.458949264676243,-0.5125340439711812,-0.1503395164363925,0.7099808269075647,-0.5897822380065918,-0.8057985901832581,-0.0533488541841507,-11.12295532226562,-49.34393310546875,-5.482452392578125,2
1596231008.801617,60,0,103341.0043535,0.4989372195245072,-1.465468852223681,0.954234353512035,0.04632175341248512,-0.07026990503072739,-1.791709423065186,0.6169536113739014,0.3741378784179688,0.136776864528656,2,0.4774954600661998,-0.4915306789801396,-0.1346366143789739,0.7157295318024631,-0.5750293135643005,-0.8158712387084961,-0.06079135462641716,-11.37654876708984,-49.35929107666016,-5.265167236328125,2
1596231008.830906,61,0,103341.0344525,0.4732836268064659,-1.477602596914871,1.016955994057623,0.1757674813270569,-2.015606880187988,-1.486685395240784,1.392862677574158,-1.012100219726562,-0.2985880970954895,2,0.487783878591012,-0.4874365274312105,-0.1673191477576216,0.7046112520329635,-0.5236753821372986,-0.8505109548568726,-0.04894503951072693,-7.954246520996094,-49.84673309326172,-5.06988525390625,2
1596231008.860779,62,0,103341.0645515,0.4541596475297843,-1.528353190480769,1.019484181409418,-0.6231247186660767,-1.857040286064148,0.9242085814476013,0.3366081714630127,-0.2437566518783569,0.09145265817642212,2,0.4792096620054382,-0.5091615282025006,-0.1870947180143945,0.6900059974387179,-0.5233338475227356,-0.8518379330635071,-0.0222252756357193,-7.536384582519531,-49.81686401367188,-5.098175048828125,2
1596231008.893394,63,0,103341.0946505,0.4490412023949553,-1.556900794263491,0.9968595105817107,0.1590038985013962,-0.1340869665145874,-0.0235908254981041,-0.7186081409454346,0.2399494051933289,-0.006880879402160645,2,0.4691392997476892,-0.5254866303852532,-0.1880151067917246,0.6844141759555004,-0.5428904294967651,-0.8397700190544128,-0.007544237654656172,-9.12640380859375,-49.582763671875,-5.322540283203125,2
1596231008.922139,64,0,103341.1247495,0.4577773867561828,-1.545813521233669,1.028426224707604,0.2612637281417847,1.126375198364258,-1.471630215644836,-0.1251965165138245,-0.1596364378929138,-0.01793670654296875,2,0.4808596324808463,-0.5121787014744447,-0.1930368840590745,0.6849701170096658,-0.5160069465637207,-0.8564876914024353,-0.01289398316293955,-8.56561279296875,-49.98597717285156,-5.23712158203125,2
1596231008.951235,65,0,103341.1548485,0.4634133126287527,-1.519208524285721,1.049228769024378,-0.06068790704011917,0.7290242314338684,0.2163976728916168,0.6189062595367432,-0.422147810459137,-0.01311039924621582,2,0.4903563880658153,-0.4966938236722248,-0.1915849500859397,0.6900298630693065,-0.4975773394107819,-0.8670392036437988,-0.02569171600043774,-6.5811767578125,-49.91508483886719,-5.02032470703125,2
1596231008.981835,66,0,103341.1849475,0.4577655496930164,-1.503181664519322,1.035695347190291,-0.1078865602612495,0.09341510385274887,0.297352522611618,0.1882453560829163,-0.02726942300796509,0.02993535995483398,2,0.4868334926468258,-0.4957488951613345,-0.1851475285899911,0.6949437395758994,-0.5087631344795227,-0.8602171540260315,-0.03445236757397652,-6.737777709960938,-50.19145202636719,-5.25189208984375,2
1596231009.01151,67,0,103341.2150475,0.4501644923855622,-1.487365088425614,1.037400204814395,-0.135427862405777,0.6620402932167053,-0.2647027671337128,-0.104762852191925,-0.007819652557373047,0.1569225192070007,2,0.4868831960010603,-0.4916895194851066,-0.1845044307630878,0.697957396194276,-0.5066924691200256,-0.8610852360725403,-0.04237233847379684,-6.815391540527344,-49.91584777832031,-5.590606689453125,2
1596231009.045386,68,0,103341.2451465,0.4418179708683579,-1.450816485349524,1.041098162373052,-0.1501976400613785,1.149296402931213,0.007984597235918045,0.07764643430709839,-0.1493977904319763,0.1792600750923157,2,0.4892089491397967,-0.4800374589148569,-0.1797142910773915,0.7056498426009172,-0.5016410350799561,-0.862959623336792,-0.06047728285193443,-6.555839538574219,-49.84999847412109,-5.70074462890625,2
1596231009.071634,69,0,103341.2752455,0.4265629853860894,-1.409489411025635,1.038735424221472,-0.3629193007946014,0.7223960757255554,0.01649698987603188,0.1085630655288696,-0.08304417133331299,0.1486861705780029,2,0.4885711999561221,-0.4696371218660226,-0.1742760000940642,0.7143998928448569,-0.5007249712944031,-0.8617633581161499,-0.0814783126115799,-6.525154113769531,-49.73336029052734,-6.12652587890625,2
1596231009.101788,70,0,103341.3053445,0.4051478025637425,-1.36942635331197,1.037434902127098,-0.3739177882671356,0.8126909732818604,-0.004913316573947668,0.1928740739822388,-0.09640932083129883,0.244069516658783,2,0.4866740191058689,-0.4607627173908886,-0.1717938815433995,0.7220340803076338,-0.4981575310230255,-0.8611028790473938,-0.1016922369599342,-6.306892395019531,-49.93165588378906,-6.570526123046875,2
1596231009.1319,71,0,103341.3354435,0.3856340441384915,-1.328945403536471,1.029935321623899,-0.1857600808143616,0.7997062802314758,0.3391061723232269,-0.1550857424736023,-0.2469974756240845,0.3835726976394653,2,0.4833760236637079,-0.452428286390818,-0.1667828524822936,0.7306435309916486,-0.4998899400234222,-0.8572657108306885,-0.1233125329017639,-6.19482421875,-49.71542358398438,-7.28729248046875,2
1596231009.162116,72,0,103341.3655425,0.3901414978415393,-1.300669278897944,1.026430756665319,0.1013331264257431,1.664490461349487,-0.2529245018959045,0.02207273244857788,0.2718132734298706,0.4976311922073364,2,0.4855904904959463,-0.4417049946106346,-0.1572319292177873,0.7378189809258706,-0.499096006155014,-0.8554559946060181,-0.1381971538066864,-6.299331665039062,-49.62864685058594,-7.505706787109375,2
1596231009.191968,73,0,103341.3956415,0.4158133936858944,-1.255078928461942,1.044288715913626,1.127151966094971,2.943389654159546,-0.3165374398231506,0.01676392555236816,0.2804550528526306,0.6055857539176941,2,0.5000699765192148,-0.4146258163231726,-0.1417096189004819,0.7469498535998979,-0.4776799380779266,-0.8645673394203186,-0.1560309082269669,-5.507682800292969,-49.59231567382812,-7.138092041015625,2
1596231009.223755,74,0,103341.4257405,0.4943221190444344,-1.200602225830149,1.055307999649508,1.713063597679138,5.501964092254639,0.3640565574169159,-0.5282271504402161,-0.1196391582489014,0.5673621892929077,2,0.5222563567669667,-0.3715813536587027,-0.101362147716632,0.7608557770435352,-0.4595655798912048,-0.8700520992279053,-0.1783511936664581,-4.641082763671875,-49.94010162353516,-6.32135009765625,2
1596231009.25254,75,0,103341.4558405,0.6397362049473355,-1.104561290828016,1.073050866952253,2.864135980606079,8.41685676574707,0.5975453853607178,-0.3867135643959045,-0.03676849603652954,0.4575607180595398,2,0.5548730702012197,-0.2912104126809386,-0.02448391777013925,0.7789180242978069,-0.426487147808075,-0.8786612153053284,-0.214624747633934,-3.876182556152344,-50.45077514648438,-3.20281982421875,2
1596231009.283724,76,0,103341.4859395,0.8317055082748717,-1.076086553062863,1.084980994300953,2.494540452957153,4.024331092834473,1.684356808662415,0.369215190410614,-0.1661585569381714,0.07920718193054199,2,0.5828391287873878,-0.2223848020864999,0.05507143561537375,0.7796221941940571,-0.4109478294849396,-0.8842945694923401,-0.2216870933771133,-5.506294250488281,-50.76052093505859,1.993194580078125,2
1596231009.312473,77,0,103341.5160385,1.025631784058119,-1.175993369548988,1.055564699816548,2.429331302642822,1.284653186798096,2.579030513763428,0.5395443439483643,0.07467269897460938,-0.2438710331916809,2,0.6002543058618071,-0.2119788311140333,0.1092625687111772,0.7634275246707138,-0.454831600189209,-0.8701786398887634,-0.1895194798707962,-7.598373413085938,-50.23199462890625,3.917877197265625,2
1596231009.34331,78,0,103341.5461375,1.210546041233107,-1.312297492352316,1.002454238016977,2.327103614807129,0.4522152245044708,2.595696926116943,-0.3155074119567871,0.531575620174408,-0.1779584884643555,2,0.6175110549322608,-0.223350861615301,0.1543170780213611,0.7382282285653328,-0.520352840423584,-0.8427944779396057,-0.1375889778137207,-12.66141510009766,-49.04322052001953,8.256439208984375,2
1596231009.372947,79,0,103341.5762365,1.36129895051584,-1.408557262515125,0.9640583599036998,2.677464723587036,1.729102492332458,0.8788930773735046,-0.7375832200050354,0.331487238407135,0.006547272205352783,2,0.6355916868604254,-0.2235446564652791,0.1916569083324854,0.7136658176124904,-0.5627034306526184,-0.8215123414993286,-0.09210199117660522,-14.74835205078125,-48.37667083740234,10.20269775390625,2
1596231009.403742,80,0,103341.6063355,1.493726118214645,-1.439010041629628,0.9609025011624865,2.160379886627197,3.385271310806274,0.3662097454071045,-0.2075910568237305,-0.002662003040313721,0.169379711151123,2,0.6521002695649336,-0.1926968391932078,0.2295972953800741,0.6963608402475705,-0.5678139925003052,-0.8197088241577148,-0.07526633143424988,-17.13533782958984,-46.78009796142578,13.63363647460938,2
1596231009.433078,81,0,103341.6364345,1.603770719655375,-1.4159129013574,0.9554111943443295,2.034285545349121,3.835836410522461,0.5378834009170532,0.2152204513549805,-0.001041531562805176,-0.01689928770065308,2,0.6578812043086764,-0.1505516429414899,0.2769624855807055,0.6839726454127344,-0.5703632235527039,-0.8165512084960938,-0.08905304968357086,-18.23172760009766,-46.11351776123047,14.74624633789062,2
1596231009.463763,82,0,103341.6665345,1.708404350020097,-1.400861635314905,0.9530256698025099,1.898950934410095,2.618211030960083,0.1850433051586151,0.2803921103477478,0.01548892259597778,-0.0194237232208252,2,0.662218563790148,-0.1117512766306234,0.3181093448190642,0.6691672953848634,-0.57087641954422,-0.8151717782020569,-0.09795644879341125,-21.21363830566406,-44.73337554931641,15.72207641601562,2
1596231009.493388,83,0,103341.6966335,1.801963157317552,-1.417604702494171,0.9667636188615379,1.783057451248169,1.622798562049866,-0.487835019826889,0.2164995670318604,-0.04536974430084229,0.1162111163139343,2,0.6708717798786394,-0.0812228379282196,0.3391098096880987,0.6544758777789925,-0.5613151788711548,-0.8230518698692322,-0.08666781336069107,-21.97158050537109,-44.05352020263672,16.37820434570312,2
1596231009.523519,84,0,103341.7267325,1.889023294280561,-1.436758457841486,0.9943577774432121,1.690996527671814,2.171470642089844,-0.835105299949646,0.08721107244491577,-0.07749950885772705,0.2135335803031921,2,0.679164015890622,-0.04813932277948055,0.3521412152694012,0.6421959644684236,-0.5401530265808105,-0.8384091258049011,-0.07283768802881241,-22.08137512207031,-43.49284362792969,18.249755859375,2
1596231009.553199,85,0,103341.7568315,1.979062744287006,-1.430976243111694,1.030718303434868,1.753530144691467,3.157125473022461,-1.123685359954834,0.08102297782897949,-0.07929039001464844,0.2958375215530396,2,0.6812949035808933,-0.002510975412169381,0.3713642849210024,0.6308087237954103,-0.5091850757598877,-0.8576685786247253,-0.07166189700365067,-22.27024841308594,-43.03836059570312,18.7025146484375,2
1596231009.583155,86,0,103341.7869305,2.062863319606682,-1.400654726889414,1.074821250418933,1.372201442718506,3.634627342224121,-1.355149745941162,0.2379178106784821,-0.03545427322387695,0.3645697236061096,2,0.6760593928715488,0.05152103700315386,0.3941579095030082,0.6204264446342788,-0.469018280506134,-0.8795050978660583,-0.08057855814695358,-22.71434020996094,-42.72836303710938,18.90151977539062,2
1596231009.613487,87,0,103341.8170295,2.116437098254313,-1.342135780024716,1.125823446045351,0.8520334362983704,3.538794040679932,-1.698261499404907,0.4632289707660675,-0.05629861354827881,0.2533451318740845,2,0.663259179554356,0.1063174050804271,0.4144604596297276,0.6140085525495429,-0.4192298054695129,-0.9026223421096802,-0.09756773710250854,-22.79380798339844,-42.65786743164062,18.61083984375,2
1596231009.643343,88,0,103341.8471285,2.114965724437711,-1.234200149040118,1.189123859790537,0.4525618255138397,3.35276985168457,-2.452441215515137,0.6477801203727722,-0.1110472679138184,0.002658724784851074,2,0.6419239097689333,0.1625548498784999,0.4293600167023073,0.6141334406600579,-0.351572185754776,-0.928043007850647,-0.1230192333459854,-22.60659790039062,-43.38658905029297,17.07940673828125,2
1596231009.673988,89,0,103341.8772275,2.090626497613992,-1.12290649413089,1.270261324234665,0.9926024079322815,1.661526799201965,-2.247566699981689,0.7244364619255066,-0.3621013760566711,-0.0958939790725708,2,0.6226882510025702,0.2194514708825931,0.4310263072645195,0.6150746644682891,-0.2668319642543793,-0.9551782608032227,-0.1282007843255997,-21.56369018554688,-44.17173004150391,16.26568603515625,2
1596231009.705045,90,0,103341.9073275,2.06782179724709,-1.099288891602751,1.304931268697415,-0.3695277273654938,-0.8343250155448914,-0.1572323441505432,0.8319128155708313,-0.7110145092010498,-0.3468139171600342,2,0.6214759031330555,0.2325823878217771,0.420009126288904,0.6190844393137749,-0.2340748310089111,-0.9648655652999878,-0.1193462684750557,-19.07715606689453,-45.04920959472656,16.44223022460938,2
1596231009.733844,91,0,103341.9374265,2.042324099257057,-1.118098838124468,1.299788530569964,0.07277579605579376,-2.172603845596313,-0.01320994086563587,0.3029619753360748,0.1349233984947205,-0.2834415435791016,2,0.6280375968394435,0.2168480382708972,0.407885492064314,0.6262389882547413,-0.2407374531030655,-0.9635015726089478,-0.1170914098620415,-18.23877716064453,-45.23795318603516,16.78302001953125,2
1596231009.767098,92,0,103341.967525875,2.072782117455865,-1.208223150982667,1.315299990277616,0.6553992629051208,-0.7648631930351257,-0.7354994416236877,-0.1955749690532684,0.2023395299911499,0.3032726645469666,2,0.6431047444968345,0.2039550825664848,0.3836900852347764,0.6305558299843887,-0.2362957000732422,-0.9675379991531372,-0.08963722735643387,-17.28676605224609,-45.20233917236328,17.60992431640625,2
1596231009.793998,93,0,103341.997624875,2.109927980534908,-1.214546682167832,1.342964643998156,0.4569546282291412,1.60270631313324,-0.5723609328269958,-0.2130344808101654,-0.1744321584701538,-0.01448893547058105,2,0.6406289306338883,0.2240711355913438,0.3841527542952048,0.6259499900558165,-0.2116840928792953,-0.9741584062576294,-0.07877340167760849,-16.19892883300781,-45.16925048828125,18.64157104492188,2
1596231009.826274,94,0,103342.027723875,2.155397007811382,-1.232326195053753,1.361009554077792,0.6603837609291077,0.5639972686767578,-0.5012213587760925,0.03757548332214355,0.09743738174438477,-0.06628412008285522,2,0.638730383436066,0.2396850810582404,0.3866359788528988,0.6205541575312455,-0.1964371502399445,-0.9780753254890442,-0.06914912164211273,-16.22373962402344,-45.316650390625,18.64254760742188,2
1596231009.854163,95,0,103342.057822875,2.212598735935539,-1.269474428360827,1.383442424535198,0.3618273735046387,0.4038273990154266,-0.4977924525737762,0.2024211287498474,-0.2102556824684143,0.1770241260528564,2,0.638376886303015,0.2546279305567886,0.3850022897564135,0.6159651766765879,-0.1778692454099655,-0.9825005531311035,-0.05527913570404053,-15.58519744873047,-44.97042083740234,19.35000610351562,2
1596231009.885361,96,0,103342.087921875,2.233915647027395,-1.285927693026084,1.39286713052537,0.29619500041008,0.2459879815578461,-0.1442758738994598,0.3008988797664642,0.03064608573913574,0.1587594747543335,2,0.6384728220864554,0.259773355044302,0.3831826393654141,0.614850790318888,-0.1698596924543381,-0.984212338924408,-0.04974051937460899,-15.42715454101562,-44.95264434814453,19.52035522460938,2
1596231009.914326,97,0,103342.118020875,2.286606674635037,-1.32905490871151,1.400074937014082,0.155168205499649,-0.1099573895335197,-0.1104404702782631,0.3423123359680176,0.01367902755737305,0.1716296672821045,2,0.6394706802950776,0.2659725834292203,0.3831737738903965,0.6111578302566756,-0.1649543344974518,-0.985462486743927,-0.04067166894674301,-15.38495635986328,-45.02464294433594,20.02496337890625,2
1596231009.944293,98,0,103342.148120875,2.300474059980476,-1.358846992728454,1.399356744796188,0.1577777415513992,-0.6385537981987,0.1366178244352341,0.03568118810653687,-0.03377771377563477,-0.06103277206420898,2,0.6433563904724742,0.2610518696123258,0.378096456621397,0.6123624726104319,-0.1667848080396652,-0.9853401780128479,-0.03588895127177238,-15.33788299560547,-44.84580993652344,20.10012817382812,2
1596231009.974536,99,0,103342.178219875,2.34469132714656,-1.417855600732966,1.399177447702245,0.1003398895263672,-0.2958864569664001,-0.09078231453895569,-0.2361705005168915,0.05148792266845703,0.08789479732513428,2,0.648715615830743,0.2572146473980977,0.3726245508059978,0.6116860651298501,-0.168785497546196,-0.9853096008300781,-0.02601734921336174,-14.97687530517578,-44.76164245605469,20.78744506835938,2
1596231010.004637,100,0,103342.208318875,2.342774779420633,-1.413401664426589,1.403385692272449,0.1007438898086548,0.3818893432617188,-0.07057105749845505,0.009724855422973633,-0.0744861364364624,-0.04296863079071045,2,0.6477958440956783,0.2594247770431934,0.3721258390358237,0.6120309499160808,-0.164571151137352,-0.9860195517539978,-0.02611865848302841,-14.77473449707031,-44.85258483886719,20.88418579101562,2
1596231010.034811,101,0,103342.238417875,2.344781734797322,-1.40597433184912,1.400676708392785,-0.1149224266409874,0.01747491769492626,0.2155339419841766,0.2053406834602356,0.08360660076141357,0.2300001382827759,2,0.6463607393986441,0.2613972716596545,0.3760161786508074,0.6103289293776002,-0.1670075505971909,-0.9855645298957825,-0.02777852118015289,-14.83946228027344,-44.49354553222656,20.9912109375,2
1596231010.064785,102,0,103342.268516875,2.35601488300684,-1.421894762488624,1.395077600747987,0.1279313564300537,-0.08161357045173645,0.1354386061429977,0.06099802255630493,0.005436062812805176,-0.03572463989257812,2,0.6483466235161506,0.2582235837261136,0.3760888822588373,0.6095282075229547,-0.1728827953338623,-0.9846011400222778,-0.02593447268009186,-14.98905944824219,-44.63642883300781,20.7584228515625,2
1596231010.094918,103,0,103342.298615875,2.358850658750815,-1.421808336535807,1.389361192718261,-0.01568068191409111,0.2681890726089478,0.3307224810123444,-0.002792716026306152,-0.1101866960525513,-0.1864898800849915,2,0.6484350381464787,0.2571766988194305,0.3788099923328844,0.6081901002037883,-0.1784427016973495,-0.9835857748985291,-0.02678429335355759,-15.25223541259766,-44.27307891845703,20.98599243164062,2
1596231010.126271,104,0,103342.328714875,2.370313366750575,-1.42211166889935,1.376638908891124,-0.01612303406000137,0.2233448922634125,0.3955448865890503,0.02056547999382019,0.1560057401657104,0.07964503765106201,2,0.6480648760535224,0.2563612169803119,0.386242074464472,0.6042416723388659,-0.1908115893602371,-0.9812105894088745,-0.02858168631792068,-15.67158508300781,-44.43639373779297,20.7994384765625,2
1596231010.155198,105,0,103342.358813875,2.371361022495539,-1.417827225023651,1.370416020538722,-0.07042895257472992,0.3332460224628448,0.1168511062860489,-0.03564074635505676,-0.0660865306854248,0.08166062831878662,2,0.6476050425893649,0.2558189028595406,0.3899220247107608,0.6025988459983962,-0.1967185884714127,-0.9799909591674805,-0.03032879531383514,-16.66970062255859,-44.41835021972656,20.64688110351562,2
1596231010.18518,106,0,103342.388913875,2.355253888406701,-1.388007295343688,1.359925608405379,-0.2282011806964874,0.4827354848384857,0.5402299165725708,0.1675772070884705,-0.06230771541595459,-0.06233853101730347,2,0.6445873393412821,0.2558973670130698,0.3980463587255733,0.6004857345077448,-0.2058258503675461,-0.977849006652832,-0.03804739937186241,-17.40199279785156,-44.32924652099609,20.2354736328125,2
1596231010.215459,107,0,103342.419012875,2.338258088312693,-1.366081851689011,1.342704913944302,-0.2016349285840988,-0.2322111278772354,0.432759165763855,0.226363480091095,0.1343309283256531,-0.008945107460021973,2,0.6434831201026174,0.2508901264260999,0.4054972458516757,0.5987952144312847,-0.221397653222084,-0.9740997552871704,-0.04596723616123199,-17.99221038818359,-44.29669952392578,19.86642456054688,2
1596231010.245326,108,0,103342.449111875,2.331870976379453,-1.374404031259334,1.331835218465154,-0.06631488353013992,-0.5577959418296814,0.3916755616664886,0.1067353188991547,-0.05718404054641724,0.04822325706481934,2,0.6466208734419832,0.2424624878831405,0.4043584100496244,0.5996565665932487,-0.2321447283029556,-0.9715843796730042,-0.04618677496910095,-18.20440673828125,-44.08839416503906,19.8038330078125,2
1596231010.276027,109,0,103342.479210875,2.325694879806608,-1.379014871430786,1.313380654544493,-0.2263016700744629,-0.2060427516698837,0.6713708639144897,-0.1943701803684235,-0.03942573070526123,-0.1119116544723511,2,0.6493728952980039,0.2324908987644267,0.4068625497913591,0.5989374183505798,-0.2499160319566727,-0.9670511484146118,-0.04852565005421638,-18.79769897460938,-43.99734497070312,20.07534790039062,2
1596231010.305516,110,0,103342.509309875,2.322716042488748,-1.376808124688967,1.300800458470585,-0.03170768916606903,0.2024121284484863,0.1352530717849731,-0.1081941723823547,0.1939287185668945,0.1362908482551575,2,0.6499636598807176,0.2276798563926768,0.4106588380835148,0.5975522600644591,-0.2617254257202148,-0.9637719988822937,-0.0514182485640049,-19.37795257568359,-43.645751953125,19.88629150390625,2
1596231010.335832,111,0,103342.539408875,2.324325423461956,-1.370904112890721,1.297802592448098,0.06993092596530914,0.2182461023330688,0.1193155124783516,-0.2119297981262207,-0.1029529571533203,-0.148045539855957,2,0.6487232791888784,0.2288888169120724,0.4140002632380899,0.5961309078393875,-0.2642478346824646,-0.9629680514335632,-0.05353603139519691,-19.58763885498047,-43.8277587890625,19.79312133789062,2
1596231010.365766,112,0,103342.569507875,2.330451952998267,-1.370164581193498,1.295236760691625,-0.05988756194710732,0.3435091376304626,0.1021772101521492,0.1831991672515869,0.01426219940185547,-0.006158709526062012,2,0.6480032160980337,0.2301738451513305,0.4168704960664186,0.5944165934233945,-0.2666285336017609,-0.962273120880127,-0.05422366410493851,-19.76541900634766,-43.62796783447266,19.69927978515625,2
1596231010.396121,113,0,103342.599606875,2.330119354329279,-1.359647326861706,1.289856948647286,0.01668631285429001,0.1372896432876587,0.1400084644556046,0.04742884635925293,0.0744403600692749,0.08895111083984375,2,0.6461174055734814,0.2312528564605845,0.4218636824187746,0.5925247037624699,-0.2711008787155151,-0.9607954025268555,-0.05810882896184921,-20.07686614990234,-43.56174468994141,19.45010375976562,2
1596231010.426074,114,0,103342.629706875,2.330435334155274,-1.36532263098937,1.284084435129427,-0.04683037102222443,-0.1965292990207672,0.2513938844203949,-0.09900820255279541,-0.08071738481521606,-0.06533259153366089,2,0.6475726169839672,0.2275953741021206,0.4219319228202396,0.5923037879126127,-0.2768519222736359,-0.9591789245605469,-0.05770010128617287,-20.26048278808594,-43.39547729492188,19.38900756835938,2
1596231010.456224,115,0,103342.659805875,2.332827778594987,-1.362999354945359,1.277465423654757,-0.07312735915184021,0.3393474817276001,0.1647943109273911,0.112042099237442,0.1297965049743652,0.002213001251220703,2,0.6471428451783815,0.2266722369121518,0.4254614700079533,0.5906002683479108,-0.2829233109951019,-0.9572860598564148,-0.05965166911482811,-20.52277374267578,-43.54331207275391,19.40374755859375,2
1596231010.48619,116,0,103342.689904875,2.332737102528058,-1.359638970903352,1.27353183624823,0.09002101421356201,-0.0706777423620224,-0.01194066181778908,-0.0173058807849884,0.00655055046081543,0.05367374420166016,2,0.6466305990758446,0.226215567369929,0.4277494137723482,0.5896830125839952,-0.2864007651805878,-0.9561412930488586,-0.06139077246189117,-20.91622924804688,-43.40420532226562,19.11209106445312,2
1596231010.516397,117,0,103342.720003875,2.326857317821738,-1.356115380532221,1.273448281837304,-0.1352033615112305,-0.02876613289117813,0.08556684851646423,-0.03852042555809021,-0.04456067085266113,-0.0414777398109436,2,0.6465452401795743,0.2253241780641267,0.4271797355262585,0.5905302073960893,-0.286260575056076,-0.9561168551445007,-0.06241653487086296,-21.0020751953125,-43.53604125976562,19.200927734375,2
1596231010.546356,118,0,103342.750102875,2.328596405639535,-1.353381365505444,1.271834978729631,-0.04867395758628845,0.006401265505701303,0.09351056814193726,-0.04469066858291626,0.04364264011383057,-0.06427294015884399,2,0.6458395147499981,0.226109583071291,0.4290800655224923,0.5896237916421256,-0.2875945568084717,-0.9556429386138916,-0.06353155523538589,-21.02191162109375,-43.40876007080078,19.09967041015625,2
1596231010.576685,119,0,103342.780201875,2.324121385889854,-1.353027141311817,1.268181276354909,-0.04670394957065582,-0.0859546884894371,0.06106432899832726,-0.08497527241706848,0.005893468856811523,0.07294762134552002,2,0.6464348115912634,0.2234464254137808,0.4290157226900517,0.5900334807095757,-0.2909796535968781,-0.954560399055481,-0.06438745558261871,-21.09970855712891,-43.53745269775391,19.0787353515625,2
1596231010.60666,120,0,103342.810300875,2.319399166034167,-1.342904892189125,1.267313518689069,-0.05292468518018723,0.4326326847076416,-0.01196341309696436,-0.001764535903930664,0.05967772006988525,0.05419284105300903,2,0.6448252410874399,0.2245932717158429,0.4311614806742181,0.5897950896744846,-0.2911196053028107,-0.9543014764785767,-0.06751654297113419,-21.13111877441406,-43.37430572509766,18.93502807617188,2
1596231010.636734,121,0,103342.840399875,2.31415868521641,-1.325874871974251,1.266555393265202,-0.031448595225811,0.2132202386856079,0.02231792360544205,0.01107499003410339,-0.0118412971496582,-0.004898548126220703,2,0.6417596268893173,0.2276504052765201,0.4353322806330253,0.5889023306618653,-0.290629655122757,-0.9540746212005615,-0.07263974845409393,-21.50576782226562,-43.38772583007812,18.6669921875,2
1596231010.666736,122,0,103342.870498875,2.312578236466032,-1.32282867069626,1.264381774230652,-0.081241175532341,0.01579728350043297,0.08466903120279312,0.04438087344169617,-0.03226375579833984,0.02150845527648926,2,0.6413590255196585,0.2272483925544504,0.436525037333194,0.5886110289201867,-0.2924167215824127,-0.9534212350845337,-0.07403353601694107,-21.59120941162109,-43.3465576171875,18.47622680664062,2
1596231010.697015,123,0,103342.900598875,2.306041654075815,-1.314935249538695,1.261025720738481,-0.08110234886407852,0.08142475783824921,0.07647979259490967,0.02169251441955566,0.03719997406005859,-0.01778340339660645,2,0.6404962731360662,0.2262525738446644,0.4381818809557766,0.588702853010358,-0.2949166595935822,-0.9524035453796387,-0.07714859396219254,-21.875244140625,-43.26736450195312,18.3087158203125,2
1596231010.726955,124,0,103342.930697875,2.304577305320902,-1.312111961682792,1.258804707273271,0.03429555147886276,-0.1202046498656273,0.07367801666259766,-0.01933407783508301,0.01455384492874146,-0.04968583583831787,2,0.6401188236964691,0.2258028913152519,0.4393508937239126,0.5884147510724154,-0.2967420518398285,-0.951724112033844,-0.07852189242839813,-21.88623046875,-43.42813873291016,18.17251586914062,2
1596231010.760071,125,0,103342.9607965417,2.310778191949964,-1.322894276903212,1.258747827505043,0.04221121594309807,-0.1673634201288223,-0.03681683912873268,-0.01312968134880066,0.01494812965393066,-0.02768254280090332,2,0.6417868772349034,0.2245974632394467,0.4377374518198158,0.588261652004415,-0.2976241409778595,-0.9517066478729248,-0.07533116638660431,-21.69854736328125,-43.34134674072266,18.40066528320312,2
1596231010.787119,126,0,103342.9908955417,2.315097573076982,-1.332178405971372,1.260345813061067,0.04968547448515892,-0.1991954296827316,-0.03678945824503899,0.0004412829875946045,0.04364252090454102,-0.02010965347290039,2,0.6432688798414214,0.2238360468669877,0.435525967877973,0.5885744219525938,-0.296832263469696,-0.9521960616111755,-0.07220514118671417,-21.63841247558594,-43.52237701416016,18.53482055664062,2
1596231010.817459,127,0,103343.0209945417,2.313338948785072,-1.335584288091684,1.262056874070254,-0.06111291795969009,-0.05207513645291328,-0.0946929007768631,-0.001101016998291016,0.00173652172088623,0.04070508480072021,2,0.6441376587084963,0.2228894563562812,0.4333770249986727,0.5895688636820956,-0.2954915463924408,-0.9527173638343811,-0.07081393152475357,-21.40115356445312,-43.56186676025391,18.75448608398438,2
